Name, Release, LOC, #Comments, #Revisions, #Auth, #Fix, LOC touched, LOC added, MAX LOC added, AVG LOC added, churn, MAX churn, AVG churn, Buggy
src/java/org/apache/avro/AvroRuntimeException.java,1,24,17,2,1,0,48,48,24,24,48,24,24,NO
src/java/org/apache/avro/AvroTypeException.java,1,25,18,3,1,0,59,56,28,18,59,28,19,NO
src/java/org/apache/avro/Protocol.java,1,339,48,12,1,0,813,726,300,60,647,300,53,YES
src/java/org/apache/avro/Schema.java,1,725,64,15,1,0,1648,1412,451,94,1204,451,80,YES
src/java/org/apache/avro/SchemaParseException.java,1,24,17,2,1,0,48,48,24,24,48,24,24,NO
src/java/org/apache/avro/file/DataFileReader.java,1,218,29,5,1,0,466,446,208,89,426,208,85,YES
src/java/org/apache/avro/file/DataFileWriter.java,1,193,35,5,1,0,402,389,183,77,376,183,75,YES
src/java/org/apache/avro/file/SeekableFileInput.java,1,32,18,2,1,0,64,64,32,32,64,32,32,NO
src/java/org/apache/avro/file/SeekableInput.java,1,36,22,2,1,0,72,72,36,36,72,36,36,YES
src/java/org/apache/avro/generic/GenericArray.java,1,36,24,3,1,0,75,74,37,24,75,37,25,NO
src/java/org/apache/avro/generic/GenericData.java,1,279,23,9,1,0,569,549,250,61,543,250,60,YES
src/java/org/apache/avro/generic/GenericDatumReader.java,1,462,84,14,1,0,1483,1105,265,78,883,265,63,YES
src/java/org/apache/avro/generic/GenericDatumWriter.java,1,252,53,8,1,0,541,479,164,59,419,164,52,YES
src/java/org/apache/avro/generic/GenericFixed.java,1,24,19,1,1,0,24,24,24,24,24,24,24,NO
src/java/org/apache/avro/generic/GenericRecord.java,1,28,19,2,1,0,56,56,28,28,56,28,28,NO
src/java/org/apache/avro/generic/GenericRequestor.java,1,57,18,5,1,0,144,129,57,25,114,57,22,NO
src/java/org/apache/avro/generic/GenericResponder.java,1,54,21,4,1,0,135,121,53,30,107,53,26,NO
src/java/org/apache/avro/io/BinaryDecoder.java,1,300,57,2,1,0,310,305,305,152,310,305,155,NO
src/java/org/apache/avro/io/BinaryEncoder.java,1,250,37,2,1,0,282,266,266,133,282,266,141,NO
src/java/org/apache/avro/io/BlockingBinaryEncoder.java,1,622,118,1,1,0,622,622,622,622,622,622,622,YES
src/java/org/apache/avro/io/DatumReader.java,1,37,24,4,1,0,85,81,39,20,79,39,19,NO
src/java/org/apache/avro/io/DatumWriter.java,1,35,23,4,1,0,79,75,36,18,73,36,18,NO
src/java/org/apache/avro/io/Decoder.java,1,287,222,2,1,0,291,289,279,144,287,279,143,NO
src/java/org/apache/avro/io/Encoder.java,1,275,212,2,1,0,281,278,269,139,275,269,137,NO
src/java/org/apache/avro/io/ParsingTable.java,1,383,92,1,1,0,383,383,383,383,383,383,383,NO
src/java/org/apache/avro/io/ResolvingDecoder.java,1,223,81,1,1,0,223,223,223,223,223,223,223,NO
src/java/org/apache/avro/io/ResolvingTable.java,1,489,51,1,1,0,489,489,489,489,489,489,489,NO
src/java/org/apache/avro/io/ValidatingDecoder.java,1,358,27,1,1,0,358,358,358,358,358,358,358,NO
src/java/org/apache/avro/io/ValidatingEncoder.java,1,225,38,1,1,0,225,225,225,225,225,225,225,NO
src/java/org/apache/avro/ipc/AvroRemoteException.java,1,40,18,3,1,0,92,88,44,29,92,44,30,NO
src/java/org/apache/avro/ipc/ByteBufferInputStream.java,1,86,28,5,1,0,189,172,69,34,155,69,31,NO
src/java/org/apache/avro/ipc/ByteBufferOutputStream.java,1,87,23,3,1,0,176,175,87,58,174,87,58,NO
src/java/org/apache/avro/ipc/Requestor.java,1,183,24,7,1,0,382,335,105,47,288,105,41,NO
src/java/org/apache/avro/ipc/Responder.java,1,174,26,8,1,0,378,338,124,42,298,124,37,NO
src/java/org/apache/avro/ipc/SocketServer.java,1,110,18,4,1,0,294,261,118,65,244,118,61,NO
src/java/org/apache/avro/ipc/SocketTransceiver.java,1,93,18,3,1,0,180,180,87,60,180,87,60,NO
src/java/org/apache/avro/ipc/Transceiver.java,1,42,18,3,1,0,82,82,40,27,82,40,27,NO
src/java/org/apache/avro/reflect/FixedSize.java,1,30,19,1,1,0,30,30,30,30,30,30,30,YES
src/java/org/apache/avro/reflect/ReflectData.java,1,244,34,8,1,0,500,469,194,58,440,194,55,YES
src/java/org/apache/avro/reflect/ReflectDatumReader.java,1,118,19,7,1,0,336,273,92,39,246,92,35,YES
src/java/org/apache/avro/reflect/ReflectDatumWriter.java,1,67,18,7,1,0,187,158,61,22,153,61,21,YES
src/java/org/apache/avro/reflect/ReflectRequestor.java,1,85,19,4,1,0,186,174,77,43,162,77,40,YES
src/java/org/apache/avro/reflect/ReflectResponder.java,1,124,21,7,1,0,282,262,118,37,244,118,34,YES
src/java/org/apache/avro/specific/ProtocolTask.java,1,105,22,3,1,0,203,196,84,65,189,84,63,NO
src/java/org/apache/avro/specific/SchemaTask.java,1,28,18,3,1,0,62,59,28,19,56,28,18,NO
src/java/org/apache/avro/specific/SpecificCompiler.java,1,269,31,11,1,0,556,525,225,47,500,225,45,YES
src/java/org/apache/avro/specific/SpecificDatumReader.java,1,48,18,7,1,0,433,303,125,43,379,125,54,YES
src/java/org/apache/avro/specific/SpecificDatumWriter.java,1,36,18,5,1,0,111,95,43,19,93,43,18,YES
src/java/org/apache/avro/specific/SpecificExceptionBase.java,1,40,18,1,1,0,40,40,40,40,40,40,40,NO
src/java/org/apache/avro/specific/SpecificFixed.java,1,28,18,1,1,0,28,28,28,28,28,28,28,NO
src/java/org/apache/avro/specific/SpecificRecord.java,1,28,19,3,1,0,62,60,30,20,62,30,20,NO
src/java/org/apache/avro/specific/SpecificRecordBase.java,1,64,18,1,1,0,64,64,64,64,64,64,64,NO
src/java/org/apache/avro/specific/SpecificRequestor.java,1,56,19,3,1,0,121,115,53,38,109,53,36,YES
src/java/org/apache/avro/specific/SpecificResponder.java,1,41,18,3,1,0,105,96,46,32,97,46,32,YES
src/java/org/apache/avro/util/Utf8.java,1,80,18,2,1,0,160,160,80,80,160,80,80,NO
src/java/org/apache/avro/io/BlockingValueWriter.java,1,622,118,1,1,0,622,622,622,622,622,622,622,NO
src/java/org/apache/avro/io/ValueReader.java,1,471,244,4,1,0,811,696,426,174,581,337,145,NO
src/java/org/apache/avro/io/ValueWriter.java,1,420,214,3,1,0,617,564,382,188,511,329,170,NO
src/java/org/apache/avro/ipc/ByteBufferValueReader.java,1,1,0,3,1,0,123,82,41,27,123,41,41,NO
src/java/org/apache/avro/ipc/ByteBufferValueWriter.java,1,1,0,3,1,0,132,88,44,29,132,44,44,NO
JsonSchema.java,1,136,0,2,1,0,272,272,136,136,272,136,136,NO
JsonSchemaWalker.java,1,112,0,2,1,0,224,224,112,112,224,112,112,NO
src/java/org/apache/avro/AvroRuntimeException.java,2,24,17,1,1,0,1,1,1,1,1,1,1,NO
src/java/org/apache/avro/AvroTypeException.java,2,25,18,1,1,0,1,1,1,1,1,1,1,NO
src/java/org/apache/avro/Protocol.java,2,341,48,2,1,0,7,5,3,2,3,2,1,NO
src/java/org/apache/avro/Schema.java,2,728,66,4,1,0,70,37,23,9,44,22,11,YES
src/java/org/apache/avro/SchemaParseException.java,2,24,17,1,1,0,1,1,1,1,1,1,1,NO
src/java/org/apache/avro/file/DataFileReader.java,2,218,29,1,1,0,3,2,2,2,1,1,1,YES
src/java/org/apache/avro/file/DataFileWriter.java,2,206,36,2,1,0,16,15,13,7,14,13,7,YES
src/java/org/apache/avro/file/SeekableFileInput.java,2,34,18,1,1,0,5,4,4,4,3,3,3,NO
src/java/org/apache/avro/file/SeekableInput.java,2,36,22,2,1,0,11,6,3,3,1,1,0,NO
src/java/org/apache/avro/generic/GenericArray.java,2,36,24,2,1,0,3,2,1,1,1,1,0,NO
src/java/org/apache/avro/generic/GenericContainer.java,2,26,19,1,1,0,27,27,27,27,27,27,27,NO
src/java/org/apache/avro/generic/GenericData.java,2,428,41,3,1,0,178,164,155,54,150,145,50,YES
src/java/org/apache/avro/generic/GenericDatumReader.java,2,462,84,4,1,0,21,11,5,2,1,1,0,YES
src/java/org/apache/avro/generic/GenericDatumWriter.java,2,191,45,3,1,0,101,20,11,6,75,68,25,YES
src/java/org/apache/avro/generic/GenericFixed.java,2,24,19,1,1,0,2,1,1,1,0,0,0,NO
src/java/org/apache/avro/generic/GenericRecord.java,2,24,18,2,1,0,10,3,2,1,6,5,3,NO
src/java/org/apache/avro/generic/GenericRequestor.java,2,57,18,1,1,0,1,1,1,1,1,1,1,NO
src/java/org/apache/avro/generic/GenericResponder.java,2,54,21,1,1,0,1,1,1,1,1,1,1,NO
src/java/org/apache/avro/io/BinaryData.java,2,192,25,3,1,0,370,281,190,93,192,190,64,NO
src/java/org/apache/avro/io/BinaryDecoder.java,2,300,57,2,1,0,5,3,2,1,1,1,0,NO
src/java/org/apache/avro/io/BinaryEncoder.java,2,250,37,1,1,0,5,3,3,3,1,1,1,NO
src/java/org/apache/avro/io/BlockingBinaryEncoder.java,2,627,118,2,1,0,10,8,5,4,6,5,3,NO
src/java/org/apache/avro/io/DatumReader.java,2,37,24,0,0,0,0,0,0,0,0,0,0,NO
src/java/org/apache/avro/io/DatumWriter.java,2,35,23,1,1,0,1,1,1,1,1,1,1,NO
src/java/org/apache/avro/io/Decoder.java,2,279,219,3,1,0,17,5,3,1,7,7,2,NO
src/java/org/apache/avro/io/Encoder.java,2,274,212,1,1,0,2,1,1,1,0,0,0,NO
src/java/org/apache/avro/io/JsonDecoder.java,2,398,18,3,1,0,433,416,397,138,401,397,133,NO
src/java/org/apache/avro/io/JsonEncoder.java,2,240,21,3,1,0,255,248,239,82,243,239,81,YES
src/java/org/apache/avro/io/ParsingDecoder.java,2,74,19,2,1,0,75,75,74,37,75,74,37,NO
src/java/org/apache/avro/io/ParsingEncoder.java,2,69,24,3,1,0,70,70,52,23,70,52,23,NO
src/java/org/apache/avro/io/ResolvingDecoder.java,2,203,78,2,1,0,163,72,71,36,21,20,10,NO
src/java/org/apache/avro/io/ValidatingDecoder.java,2,229,21,2,1,0,280,76,75,38,130,129,65,NO
src/java/org/apache/avro/io/ValidatingEncoder.java,2,202,25,2,1,0,186,82,81,41,24,23,12,NO
src/java/org/apache/avro/io/parsing/JsonGrammarGenerator.java,2,102,35,2,1,0,103,103,102,51,103,102,51,YES
src/java/org/apache/avro/io/parsing/Parser.java,2,144,59,2,1,0,149,147,144,73,145,144,72,YES
src/java/org/apache/avro/io/parsing/ResolvingGrammarGenerator.java,2,337,66,3,1,0,340,339,337,113,338,337,112,NO
src/java/org/apache/avro/io/parsing/SkipParser.java,2,94,43,2,1,0,99,97,94,48,95,94,47,NO
src/java/org/apache/avro/io/parsing/Symbol.java,2,382,80,2,1,0,383,383,382,191,383,382,191,YES
src/java/org/apache/avro/io/parsing/ValidatingGrammarGenerator.java,2,138,43,3,1,0,141,140,138,46,139,138,46,NO
src/java/org/apache/avro/ipc/AvroRemoteException.java,2,40,18,1,1,0,1,1,1,1,1,1,1,NO
src/java/org/apache/avro/ipc/ByteBufferInputStream.java,2,86,28,1,1,0,3,2,2,2,1,1,1,NO
src/java/org/apache/avro/ipc/ByteBufferOutputStream.java,2,90,23,1,1,0,10,7,7,7,4,4,4,NO
src/java/org/apache/avro/ipc/RPCContext.java,2,149,67,1,1,0,149,149,149,149,149,149,149,NO
src/java/org/apache/avro/ipc/RPCPlugin.java,2,74,55,1,1,0,74,74,74,74,74,74,74,NO
src/java/org/apache/avro/ipc/Requestor.java,2,231,29,2,1,0,59,54,53,27,49,48,24,NO
src/java/org/apache/avro/ipc/Responder.java,2,221,31,2,1,0,68,58,40,29,48,36,24,NO
src/java/org/apache/avro/ipc/SocketServer.java,2,110,18,1,1,0,3,2,2,2,1,1,1,NO
src/java/org/apache/avro/ipc/SocketTransceiver.java,2,94,18,1,1,0,6,4,4,4,2,2,2,NO
src/java/org/apache/avro/ipc/Transceiver.java,2,42,18,1,1,0,5,3,3,3,1,1,1,NO
src/java/org/apache/avro/reflect/FixedSize.java,2,36,22,2,1,0,13,10,6,5,7,4,3,NO
src/java/org/apache/avro/reflect/ReflectData.java,2,304,45,4,1,0,125,93,40,23,61,27,15,YES
src/java/org/apache/avro/reflect/ReflectDatumReader.java,2,117,22,3,1,0,22,11,6,3,6,3,2,YES
src/java/org/apache/avro/reflect/ReflectDatumWriter.java,2,65,21,7,1,0,62,30,16,4,34,14,4,YES
src/java/org/apache/avro/reflect/ReflectRequestor.java,2,113,21,4,1,0,39,34,18,8,29,16,7,NO
src/java/org/apache/avro/reflect/ReflectResponder.java,2,128,21,3,1,0,9,7,5,2,5,4,1,YES
src/java/org/apache/avro/specific/ProtocolTask.java,2,105,22,1,1,0,5,3,3,3,1,1,1,NO
src/java/org/apache/avro/specific/SchemaTask.java,2,28,18,1,1,0,1,1,1,1,1,1,1,NO
src/java/org/apache/avro/specific/SpecificCompiler.java,2,287,31,4,1,0,27,23,12,5,19,11,4,YES
src/java/org/apache/avro/specific/SpecificData.java,2,70,19,2,1,0,83,77,67,38,71,67,35,YES
src/java/org/apache/avro/specific/SpecificDatumReader.java,2,47,18,2,1,0,4,2,1,1,0,0,0,YES
src/java/org/apache/avro/specific/SpecificDatumWriter.java,2,35,18,2,1,0,4,2,1,1,0,0,0,NO
src/java/org/apache/avro/specific/SpecificExceptionBase.java,2,40,18,2,1,0,3,2,1,1,1,1,0,YES
src/java/org/apache/avro/specific/SpecificFixed.java,2,28,18,1,1,0,1,1,1,1,1,1,1,NO
src/java/org/apache/avro/specific/SpecificRecord.java,2,27,19,2,1,0,6,3,2,1,2,1,1,NO
src/java/org/apache/avro/specific/SpecificRecordBase.java,2,71,18,2,1,0,18,13,12,6,8,7,4,YES
src/java/org/apache/avro/specific/SpecificRequestor.java,2,80,21,5,1,0,47,36,13,7,25,13,5,NO
src/java/org/apache/avro/specific/SpecificResponder.java,2,40,18,2,1,0,4,2,1,1,0,0,0,YES
src/java/org/apache/avro/util/Utf8.java,2,87,18,2,1,0,17,12,8,6,7,5,3,NO
src/java/org/apache/avro/io/ParsingTable.java,2,383,92,0,0,0,0,0,0,0,0,0,0,NO
src/java/org/apache/avro/io/ResolvingTable.java,2,489,51,0,0,0,0,0,0,0,0,0,0,NO
src/java/org/apache/avro/AvroRuntimeException.java,3,25,18,1,1,0,1,1,1,1,1,1,1,NO
src/java/org/apache/avro/AvroTypeException.java,3,25,18,0,0,0,0,0,0,0,0,0,0,NO
src/java/org/apache/avro/Protocol.java,3,354,50,1,1,0,17,15,15,15,13,13,13,YES
src/java/org/apache/avro/Schema.java,3,774,66,2,1,0,145,95,95,47,47,46,23,YES
src/java/org/apache/avro/SchemaParseException.java,3,25,18,1,1,0,1,1,1,1,1,1,1,NO
src/java/org/apache/avro/file/DataFileConstants.java,3,38,20,1,1,1,38,38,38,38,38,38,38,NO
src/java/org/apache/avro/file/DataFileReader.java,3,235,33,2,1,1,39,28,19,14,17,9,8,NO
src/java/org/apache/avro/file/DataFileWriter.java,3,199,36,1,1,1,25,9,9,9,7,7,7,NO
src/java/org/apache/avro/file/SeekableFileInput.java,3,34,18,0,0,0,0,0,0,0,0,0,0,NO
src/java/org/apache/avro/file/SeekableInput.java,3,36,22,0,0,0,0,0,0,0,0,0,0,NO
src/java/org/apache/avro/generic/GenericArray.java,3,36,24,0,0,0,0,0,0,0,0,0,0,NO
src/java/org/apache/avro/generic/GenericContainer.java,3,26,19,0,0,0,0,0,0,0,0,0,0,NO
src/java/org/apache/avro/generic/GenericData.java,3,441,42,2,1,1,13,13,12,6,13,12,6,YES
src/java/org/apache/avro/generic/GenericDatumReader.java,3,465,84,1,1,0,7,5,5,5,3,3,3,YES
src/java/org/apache/avro/generic/GenericDatumWriter.java,3,191,45,0,0,0,0,0,0,0,0,0,0,YES
src/java/org/apache/avro/generic/GenericFixed.java,3,24,19,0,0,0,0,0,0,0,0,0,0,NO
src/java/org/apache/avro/generic/GenericRecord.java,3,24,18,0,0,0,0,0,0,0,0,0,0,NO
src/java/org/apache/avro/generic/GenericRequestor.java,3,52,18,1,1,0,5,0,0,0,5,5,5,NO
src/java/org/apache/avro/generic/GenericResponder.java,3,54,21,0,0,0,0,0,0,0,0,0,0,NO
src/java/org/apache/avro/io/BinaryData.java,3,192,25,0,0,0,0,0,0,0,0,0,0,NO
src/java/org/apache/avro/io/BinaryDecoder.java,3,300,57,0,0,0,0,0,0,0,0,0,0,NO
src/java/org/apache/avro/io/BinaryEncoder.java,3,250,37,0,0,0,0,0,0,0,0,0,0,NO
src/java/org/apache/avro/io/BlockingBinaryEncoder.java,3,618,116,1,1,0,9,0,0,0,9,9,9,NO
src/java/org/apache/avro/io/DatumReader.java,3,37,24,0,0,0,0,0,0,0,0,0,0,NO
src/java/org/apache/avro/io/DatumWriter.java,3,35,23,0,0,0,0,0,0,0,0,0,0,NO
src/java/org/apache/avro/io/Decoder.java,3,279,219,0,0,0,0,0,0,0,0,0,0,NO
src/java/org/apache/avro/io/Encoder.java,3,274,212,0,0,0,0,0,0,0,0,0,0,NO
src/java/org/apache/avro/io/JsonDecoder.java,3,398,18,0,0,0,0,0,0,0,0,0,0,NO
src/java/org/apache/avro/io/JsonEncoder.java,3,238,21,1,1,1,4,1,1,1,2,2,2,NO
src/java/org/apache/avro/io/ParsingDecoder.java,3,74,19,0,0,0,0,0,0,0,0,0,0,NO
src/java/org/apache/avro/io/ParsingEncoder.java,3,69,24,0,0,0,0,0,0,0,0,0,0,NO
src/java/org/apache/avro/io/ResolvingDecoder.java,3,203,78,0,0,0,0,0,0,0,0,0,0,NO
src/java/org/apache/avro/io/ValidatingDecoder.java,3,229,21,0,0,0,0,0,0,0,0,0,0,NO
src/java/org/apache/avro/io/ValidatingEncoder.java,3,202,25,0,0,0,0,0,0,0,0,0,0,NO
src/java/org/apache/avro/io/parsing/JsonGrammarGenerator.java,3,101,35,1,1,1,3,1,1,1,1,1,1,NO
src/java/org/apache/avro/io/parsing/Parser.java,3,165,65,1,1,1,21,21,21,21,21,21,21,NO
src/java/org/apache/avro/io/parsing/ResolvingGrammarGenerator.java,3,337,66,0,0,0,0,0,0,0,0,0,0,NO
src/java/org/apache/avro/io/parsing/SkipParser.java,3,94,43,0,0,0,0,0,0,0,0,0,0,NO
src/java/org/apache/avro/io/parsing/Symbol.java,3,381,80,1,1,1,1,0,0,0,1,1,1,NO
src/java/org/apache/avro/io/parsing/ValidatingGrammarGenerator.java,3,138,43,0,0,0,0,0,0,0,0,0,0,NO
src/java/org/apache/avro/ipc/AvroRemoteException.java,3,40,18,0,0,0,0,0,0,0,0,0,0,NO
src/java/org/apache/avro/ipc/ByteBufferInputStream.java,3,86,28,0,0,0,0,0,0,0,0,0,0,NO
src/java/org/apache/avro/ipc/ByteBufferOutputStream.java,3,90,23,0,0,0,0,0,0,0,0,0,0,NO
src/java/org/apache/avro/ipc/DatagramServer.java,3,78,18,1,1,0,79,79,79,79,79,79,79,NO
src/java/org/apache/avro/ipc/DatagramTransceiver.java,3,84,18,1,1,0,84,84,84,84,84,84,84,NO
src/java/org/apache/avro/ipc/HttpServer.java,3,59,20,2,1,0,111,85,76,42,93,76,46,NO
src/java/org/apache/avro/ipc/HttpTransceiver.java,3,111,19,4,1,0,128,120,116,30,124,116,31,NO
src/java/org/apache/avro/ipc/RPCContext.java,3,149,67,1,1,0,36,18,18,18,0,0,0,NO
src/java/org/apache/avro/ipc/RPCPlugin.java,3,74,55,1,1,0,8,4,4,4,0,0,0,NO
src/java/org/apache/avro/ipc/Requestor.java,3,230,29,2,1,0,21,10,8,5,1,1,0,NO
src/java/org/apache/avro/ipc/Responder.java,3,208,31,2,1,0,33,10,8,5,13,13,6,NO
src/java/org/apache/avro/ipc/ResponderServlet.java,3,55,18,1,1,0,56,56,56,56,56,56,56,NO
src/java/org/apache/avro/ipc/Server.java,3,29,20,1,1,0,29,29,29,29,29,29,29,NO
src/java/org/apache/avro/ipc/SocketServer.java,3,110,18,1,1,0,4,2,2,2,0,0,0,NO
src/java/org/apache/avro/ipc/SocketTransceiver.java,3,96,18,1,1,0,16,9,9,9,2,2,2,NO
src/java/org/apache/avro/ipc/Transceiver.java,3,42,18,0,0,0,0,0,0,0,0,0,0,NO
src/java/org/apache/avro/reflect/FixedSize.java,3,36,22,0,0,0,0,0,0,0,0,0,0,NO
src/java/org/apache/avro/reflect/ReflectData.java,3,356,47,2,1,0,91,71,70,35,51,50,25,YES
src/java/org/apache/avro/reflect/ReflectDatumReader.java,3,100,22,1,1,0,31,7,7,7,17,17,17,YES
src/java/org/apache/avro/reflect/ReflectDatumWriter.java,3,73,21,1,1,0,8,8,8,8,8,8,8,YES
src/java/org/apache/avro/reflect/ReflectRequestor.java,3,111,21,1,1,0,4,1,1,1,2,2,2,NO
src/java/org/apache/avro/reflect/ReflectResponder.java,3,99,21,1,1,0,33,2,2,2,29,29,29,YES
src/java/org/apache/avro/specific/ProtocolTask.java,3,79,22,1,1,0,32,3,3,3,26,26,26,NO
src/java/org/apache/avro/specific/SchemaTask.java,3,28,18,1,1,0,4,2,2,2,0,0,0,NO
src/java/org/apache/avro/specific/SpecificCompiler.java,3,309,31,3,2,2,332,177,174,59,22,21,7,YES
src/java/org/apache/avro/specific/SpecificData.java,3,94,19,1,1,0,29,28,28,28,27,27,27,YES
src/java/org/apache/avro/specific/SpecificDatumReader.java,3,45,18,1,1,0,14,6,6,6,2,2,2,YES
src/java/org/apache/avro/specific/SpecificDatumWriter.java,3,39,18,1,1,0,8,6,6,6,4,4,4,NO
src/java/org/apache/avro/specific/SpecificExceptionBase.java,3,40,18,0,0,0,0,0,0,0,0,0,0,YES
src/java/org/apache/avro/specific/SpecificFixed.java,3,28,18,0,0,0,0,0,0,0,0,0,0,NO
src/java/org/apache/avro/specific/SpecificRecord.java,3,27,19,0,0,0,0,0,0,0,0,0,0,NO
src/java/org/apache/avro/specific/SpecificRecordBase.java,3,71,18,0,0,0,0,0,0,0,0,0,0,YES
src/java/org/apache/avro/specific/SpecificRequestor.java,3,80,21,1,1,0,2,1,1,1,0,0,0,NO
src/java/org/apache/avro/specific/SpecificResponder.java,3,40,18,1,1,0,2,1,1,1,0,0,0,YES
src/java/org/apache/avro/util/Utf8.java,3,87,18,0,0,0,0,0,0,0,0,0,0,NO
lang/java/src/java/org/apache/avro/AvroRuntimeException.java,4,28,18,1,1,0,29,29,29,29,29,29,29,NO
lang/java/src/java/org/apache/avro/AvroTypeException.java,4,28,18,1,1,0,29,29,29,29,29,29,29,NO
lang/java/src/java/org/apache/avro/Protocol.java,4,387,55,3,2,0,398,393,388,131,390,388,130,NO
lang/java/src/java/org/apache/avro/Schema.java,4,1087,152,7,3,2,1211,1149,913,164,1087,913,155,NO
lang/java/src/java/org/apache/avro/SchemaParseException.java,4,25,18,1,1,0,26,26,26,26,26,26,26,NO
lang/java/src/java/org/apache/avro/file/Codec.java,4,50,32,4,2,0,80,65,39,16,54,39,13,NO
lang/java/src/java/org/apache/avro/file/CodecFactory.java,4,76,28,2,2,0,76,76,70,38,76,70,38,NO
lang/java/src/java/org/apache/avro/file/DataFileConstants.java,4,38,20,3,2,0,46,42,37,14,38,37,12,NO
lang/java/src/java/org/apache/avro/file/DataFileReader.java,4,168,33,3,1,0,281,225,149,75,169,149,56,NO
lang/java/src/java/org/apache/avro/file/DataFileStream.java,4,267,51,6,2,0,384,326,177,54,276,177,46,NO
lang/java/src/java/org/apache/avro/file/DataFileWriter.java,4,374,75,6,2,0,456,415,238,69,380,238,63,NO
lang/java/src/java/org/apache/avro/file/DeflateCodec.java,4,145,31,5,2,0,223,184,104,36,157,104,31,NO
lang/java/src/java/org/apache/avro/file/LengthLimitedInputStream.java,4,85,22,1,1,0,85,85,85,85,85,85,85,NO
lang/java/src/java/org/apache/avro/file/NullCodec.java,4,64,19,5,2,0,114,89,57,17,64,57,12,NO
lang/java/src/java/org/apache/avro/file/SeekableFileInput.java,4,36,18,1,1,0,37,37,37,37,37,37,37,NO
lang/java/src/java/org/apache/avro/file/SeekableInput.java,4,36,22,1,1,0,37,37,37,37,37,37,37,NO
lang/java/src/java/org/apache/avro/generic/GenericArray.java,4,36,24,1,1,0,37,37,37,37,37,37,37,NO
lang/java/src/java/org/apache/avro/generic/GenericContainer.java,4,26,19,1,1,0,27,27,27,27,27,27,27,NO
lang/java/src/java/org/apache/avro/generic/GenericData.java,4,491,46,6,3,2,551,521,489,86,499,489,83,NO
lang/java/src/java/org/apache/avro/generic/GenericDatumReader.java,4,354,84,5,3,1,751,553,476,110,607,476,121,NO
lang/java/src/java/org/apache/avro/generic/GenericDatumWriter.java,4,196,47,3,2,1,207,202,198,67,199,198,66,NO
lang/java/src/java/org/apache/avro/generic/GenericFixed.java,4,24,19,1,1,0,24,24,24,24,24,24,24,NO
lang/java/src/java/org/apache/avro/generic/GenericRecord.java,4,27,21,2,1,1,39,33,30,16,33,30,16,NO
lang/java/src/java/org/apache/avro/generic/GenericRequestor.java,4,55,18,1,1,0,56,56,56,56,56,56,56,NO
lang/java/src/java/org/apache/avro/generic/GenericResponder.java,4,54,18,1,1,0,55,55,55,55,55,55,55,NO
lang/java/src/java/org/apache/avro/generic/IndexedRecord.java,4,26,20,1,1,1,26,26,26,26,26,26,26,NO
lang/java/src/java/org/apache/avro/io/BinaryData.java,4,187,25,3,2,0,253,220,192,73,197,192,65,NO
lang/java/src/java/org/apache/avro/io/BinaryDecoder.java,4,983,251,4,2,0,1327,1155,820,288,983,673,245,NO
lang/java/src/java/org/apache/avro/io/BinaryEncoder.java,4,252,37,2,2,1,255,254,251,127,253,251,126,NO
lang/java/src/java/org/apache/avro/io/BlockingBinaryEncoder.java,4,620,116,2,2,1,637,629,619,314,621,619,310,NO
lang/java/src/java/org/apache/avro/io/DatumReader.java,4,37,24,1,1,0,38,38,38,38,38,38,38,NO
lang/java/src/java/org/apache/avro/io/DatumWriter.java,4,35,23,1,1,0,36,36,36,36,36,36,36,NO
lang/java/src/java/org/apache/avro/io/Decoder.java,4,286,226,2,1,0,289,288,280,144,287,280,143,NO
lang/java/src/java/org/apache/avro/io/DecoderFactory.java,4,232,143,1,1,0,232,232,232,232,232,232,232,NO
lang/java/src/java/org/apache/avro/io/DirectBinaryDecoder.java,4,203,25,1,1,0,203,203,203,203,203,203,203,NO
lang/java/src/java/org/apache/avro/io/Encoder.java,4,270,209,1,1,0,271,271,271,271,271,271,271,NO
lang/java/src/java/org/apache/avro/io/JsonDecoder.java,4,425,21,6,2,2,440,433,424,72,426,424,71,NO
lang/java/src/java/org/apache/avro/io/JsonEncoder.java,4,244,21,6,2,3,267,256,239,42,245,239,40,NO
lang/java/src/java/org/apache/avro/io/ParsingDecoder.java,4,74,19,1,1,0,75,75,75,75,75,75,75,NO
lang/java/src/java/org/apache/avro/io/ParsingEncoder.java,4,69,24,1,1,0,70,70,70,70,70,70,70,NO
lang/java/src/java/org/apache/avro/io/ResolvingDecoder.java,4,228,91,11,2,3,389,309,204,28,265,204,24,NO
lang/java/src/java/org/apache/avro/io/ValidatingDecoder.java,4,231,21,6,2,3,242,237,230,39,236,230,39,NO
lang/java/src/java/org/apache/avro/io/ValidatingEncoder.java,4,202,25,5,2,2,211,207,203,41,203,203,40,NO
lang/java/src/java/org/apache/avro/io/parsing/JsonGrammarGenerator.java,4,99,35,5,2,1,126,113,102,22,108,102,21,NO
lang/java/src/java/org/apache/avro/io/parsing/Parser.java,4,191,77,6,2,3,382,287,166,47,214,166,35,NO
lang/java/src/java/org/apache/avro/io/parsing/ResolvingGrammarGenerator.java,4,447,83,10,2,3,540,494,338,49,464,338,46,NO
lang/java/src/java/org/apache/avro/io/parsing/SkipParser.java,4,95,43,6,2,3,116,106,95,17,98,95,16,NO
lang/java/src/java/org/apache/avro/io/parsing/Symbol.java,4,549,123,10,2,3,648,599,382,59,606,382,60,NO
lang/java/src/java/org/apache/avro/io/parsing/ValidatingGrammarGenerator.java,4,136,43,5,2,1,159,148,139,29,145,139,29,NO
lang/java/src/java/org/apache/avro/ipc/AvroRemoteException.java,4,40,18,1,1,0,41,41,41,41,41,41,41,NO
lang/java/src/java/org/apache/avro/ipc/ByteBufferInputStream.java,4,86,28,1,1,0,87,87,87,87,87,87,87,NO
lang/java/src/java/org/apache/avro/ipc/ByteBufferOutputStream.java,4,90,23,1,1,0,91,91,91,91,91,91,91,NO
lang/java/src/java/org/apache/avro/ipc/DatagramServer.java,4,79,19,2,1,0,82,81,79,40,80,79,40,NO
lang/java/src/java/org/apache/avro/ipc/DatagramTransceiver.java,4,85,19,2,1,0,87,86,84,43,85,84,42,NO
lang/java/src/java/org/apache/avro/ipc/HttpServer.java,4,59,20,1,1,0,59,59,59,59,59,59,59,NO
lang/java/src/java/org/apache/avro/ipc/HttpTransceiver.java,4,112,19,2,1,0,119,116,112,58,113,112,56,NO
lang/java/src/java/org/apache/avro/ipc/LocalTransceiver.java,4,52,18,1,1,0,52,52,52,52,52,52,52,NO
lang/java/src/java/org/apache/avro/ipc/RPCContext.java,4,157,67,1,1,0,157,157,157,157,157,157,157,NO
lang/java/src/java/org/apache/avro/ipc/RPCPlugin.java,4,74,55,1,1,0,74,74,74,74,74,74,74,NO
lang/java/src/java/org/apache/avro/ipc/Requestor.java,4,230,29,2,1,0,237,234,230,117,231,230,115,NO
lang/java/src/java/org/apache/avro/ipc/Responder.java,4,211,31,2,1,0,216,214,211,107,212,211,106,NO
lang/java/src/java/org/apache/avro/ipc/ResponderServlet.java,4,55,18,1,1,0,56,56,56,56,56,56,56,NO
lang/java/src/java/org/apache/avro/ipc/Server.java,4,29,20,1,1,0,29,29,29,29,29,29,29,NO
lang/java/src/java/org/apache/avro/ipc/SocketServer.java,4,111,19,2,1,0,114,113,111,56,112,111,56,NO
lang/java/src/java/org/apache/avro/ipc/SocketTransceiver.java,4,98,19,2,1,0,101,100,98,50,99,98,49,NO
lang/java/src/java/org/apache/avro/ipc/Transceiver.java,4,43,18,1,1,0,44,44,44,44,44,44,44,NO
lang/java/src/java/org/apache/avro/ipc/stats/FloatHistogram.java,4,54,22,1,1,0,54,54,54,54,54,54,54,NO
lang/java/src/java/org/apache/avro/ipc/stats/Histogram.java,4,205,51,1,1,0,205,205,205,205,205,205,205,NO
lang/java/src/java/org/apache/avro/ipc/stats/StatsPlugin.java,4,121,33,1,1,0,121,121,121,121,121,121,121,NO
lang/java/src/java/org/apache/avro/ipc/stats/StatsServlet.java,4,107,25,1,1,0,107,107,107,107,107,107,107,NO
lang/java/src/java/org/apache/avro/ipc/stats/Stopwatch.java,4,74,28,1,1,0,74,74,74,74,74,74,74,NO
lang/java/src/java/org/apache/avro/reflect/InduceSchemaTool.java,4,76,20,2,2,0,80,78,77,39,78,77,39,NO
lang/java/src/java/org/apache/avro/reflect/ReflectData.java,4,412,37,3,2,0,446,429,413,143,416,413,138,NO
lang/java/src/java/org/apache/avro/reflect/ReflectDatumReader.java,4,146,21,2,2,0,150,148,146,74,146,146,73,NO
lang/java/src/java/org/apache/avro/reflect/ReflectDatumWriter.java,4,125,21,1,1,0,125,125,125,125,125,125,125,NO
lang/java/src/java/org/apache/avro/reflect/ReflectRequestor.java,4,75,21,1,1,0,76,76,76,76,76,76,76,NO
lang/java/src/java/org/apache/avro/reflect/ReflectResponder.java,4,47,18,1,1,0,48,48,48,48,48,48,48,NO
lang/java/src/java/org/apache/avro/reflect/Stringable.java,4,34,22,1,1,0,34,34,34,34,34,34,34,NO
lang/java/src/java/org/apache/avro/reflect/Union.java,4,39,25,1,1,0,39,39,39,39,39,39,39,NO
lang/java/src/java/org/apache/avro/specific/FixedSize.java,4,36,22,1,1,0,37,37,37,37,37,37,37,NO
lang/java/src/java/org/apache/avro/specific/ProtocolTask.java,4,79,22,1,1,0,80,80,80,80,80,80,80,NO
lang/java/src/java/org/apache/avro/specific/SchemaTask.java,4,28,18,1,1,0,29,29,29,29,29,29,29,NO
lang/java/src/java/org/apache/avro/specific/SpecificCompiler.java,4,422,51,4,2,1,457,440,424,110,425,424,106,NO
lang/java/src/java/org/apache/avro/specific/SpecificData.java,4,211,24,2,1,1,301,258,258,129,301,258,150,NO
lang/java/src/java/org/apache/avro/specific/SpecificDatumReader.java,4,88,19,2,1,1,91,90,89,45,89,89,44,NO
lang/java/src/java/org/apache/avro/specific/SpecificDatumWriter.java,4,57,18,1,1,0,58,58,58,58,58,58,58,NO
lang/java/src/java/org/apache/avro/specific/SpecificExceptionBase.java,4,43,18,2,1,1,46,45,44,22,44,44,22,NO
lang/java/src/java/org/apache/avro/specific/SpecificFixed.java,4,27,18,1,1,0,28,28,28,28,28,28,28,NO
lang/java/src/java/org/apache/avro/specific/SpecificRecord.java,4,25,19,2,1,1,34,30,28,15,30,28,15,NO
lang/java/src/java/org/apache/avro/specific/SpecificRecordBase.java,4,53,18,2,1,1,56,55,49,27,54,49,27,NO
lang/java/src/java/org/apache/avro/specific/SpecificRequestor.java,4,105,21,2,2,0,112,109,107,54,108,107,54,NO
lang/java/src/java/org/apache/avro/specific/SpecificResponder.java,4,107,18,2,2,0,118,113,109,56,110,109,55,NO
lang/java/src/java/org/apache/avro/tool/BinaryFragmentToJsonTool.java,4,85,18,2,1,0,89,87,84,43,85,84,42,NO
lang/java/src/java/org/apache/avro/tool/DataFileGetSchemaTool.java,4,54,18,1,1,0,54,54,54,54,54,54,54,NO
lang/java/src/java/org/apache/avro/tool/DataFileReadTool.java,4,78,21,1,1,0,78,78,78,78,78,78,78,NO
lang/java/src/java/org/apache/avro/tool/DataFileWriteTool.java,4,98,18,2,2,0,108,103,82,51,98,82,49,NO
lang/java/src/java/org/apache/avro/tool/GenAvroTool.java,4,78,21,2,1,0,80,79,78,39,78,78,39,NO
lang/java/src/java/org/apache/avro/tool/JsonToBinaryFragmentTool.java,4,77,18,1,1,0,77,77,77,77,77,77,77,NO
lang/java/src/java/org/apache/avro/tool/Main.java,4,97,24,3,2,0,101,99,81,33,97,81,32,NO
lang/java/src/java/org/apache/avro/tool/RpcReceiveTool.java,4,176,23,2,1,0,196,186,140,93,176,140,88,NO
lang/java/src/java/org/apache/avro/tool/RpcSendTool.java,4,123,20,2,1,0,149,136,98,68,123,98,61,NO
lang/java/src/java/org/apache/avro/tool/Tool.java,4,51,38,2,1,0,53,52,51,26,51,51,25,NO
lang/java/src/java/org/apache/avro/tool/Util.java,4,71,29,2,1,0,71,71,57,35,71,57,35,NO
lang/java/src/java/org/apache/avro/util/Utf8.java,4,92,18,2,1,0,92,92,87,46,92,87,46,NO
src/java/org/apache/avro/AvroRuntimeException.java,4,28,18,1,1,0,3,3,3,3,3,3,3,NO
src/java/org/apache/avro/AvroTypeException.java,4,28,18,1,1,0,3,3,3,3,3,3,3,NO
src/java/org/apache/avro/Protocol.java,4,387,55,3,1,1,45,39,27,13,33,23,11,NO
src/java/org/apache/avro/Schema.java,4,913,101,11,2,3,417,278,111,25,153,56,13,NO
src/java/org/apache/avro/SchemaParseException.java,4,25,18,0,0,0,0,0,0,0,0,0,0,NO
src/java/org/apache/avro/file/DataFileConstants.java,4,37,20,1,1,0,3,1,1,1,1,1,1,NO
src/java/org/apache/avro/file/DataFileReader.java,4,148,30,2,1,0,205,59,46,29,93,90,46,NO
src/java/org/apache/avro/file/DataFileStream.java,4,176,41,1,1,0,177,177,177,177,177,177,177,NO
src/java/org/apache/avro/file/DataFileWriter.java,4,237,38,3,1,0,258,148,87,49,48,41,16,NO
src/java/org/apache/avro/file/SeekableFileInput.java,4,36,18,1,1,0,2,2,2,2,2,2,2,NO
src/java/org/apache/avro/file/SeekableInput.java,4,36,22,0,0,0,0,0,0,0,0,0,0,NO
src/java/org/apache/avro/generic/GenericArray.java,4,36,24,0,0,0,0,0,0,0,0,0,0,NO
src/java/org/apache/avro/generic/GenericContainer.java,4,26,19,0,0,0,0,0,0,0,0,0,0,NO
src/java/org/apache/avro/generic/GenericData.java,4,489,45,5,1,3,145,96,58,19,47,41,9,NO
src/java/org/apache/avro/generic/GenericDatumReader.java,4,475,87,5,1,2,70,40,9,8,30,10,6,NO
src/java/org/apache/avro/generic/GenericDatumWriter.java,4,197,47,3,1,2,12,9,7,3,6,6,2,NO
src/java/org/apache/avro/generic/GenericFixed.java,4,24,19,0,0,0,0,0,0,0,0,0,0,NO
src/java/org/apache/avro/generic/GenericRecord.java,4,30,22,1,1,0,14,10,10,10,6,6,6,NO
src/java/org/apache/avro/generic/GenericRequestor.java,4,55,18,1,1,0,3,3,3,3,3,3,3,NO
src/java/org/apache/avro/generic/GenericResponder.java,4,54,18,1,1,0,6,3,3,3,0,0,0,NO
src/java/org/apache/avro/io/BinaryData.java,4,192,25,0,0,0,0,0,0,0,0,0,0,NO
src/java/org/apache/avro/io/BinaryDecoder.java,4,300,57,0,0,0,0,0,0,0,0,0,0,NO
src/java/org/apache/avro/io/BinaryEncoder.java,4,250,37,0,0,0,0,0,0,0,0,0,0,NO
src/java/org/apache/avro/io/BlockingBinaryEncoder.java,4,618,116,0,0,0,0,0,0,0,0,0,0,NO
src/java/org/apache/avro/io/DatumReader.java,4,37,24,0,0,0,0,0,0,0,0,0,0,NO
src/java/org/apache/avro/io/DatumWriter.java,4,35,23,0,0,0,0,0,0,0,0,0,0,NO
src/java/org/apache/avro/io/Decoder.java,4,279,219,0,0,0,0,0,0,0,0,0,0,NO
src/java/org/apache/avro/io/Encoder.java,4,270,209,1,1,0,8,2,2,2,4,4,4,NO
src/java/org/apache/avro/io/JsonDecoder.java,4,423,21,2,1,0,71,48,30,24,25,18,12,NO
src/java/org/apache/avro/io/JsonEncoder.java,4,238,21,0,0,0,0,0,0,0,0,0,0,NO
src/java/org/apache/avro/io/ParsingDecoder.java,4,74,19,0,0,0,0,0,0,0,0,0,0,NO
src/java/org/apache/avro/io/ParsingEncoder.java,4,69,24,0,0,0,0,0,0,0,0,0,0,NO
src/java/org/apache/avro/io/ResolvingDecoder.java,4,203,78,0,0,0,0,0,0,0,0,0,0,NO
src/java/org/apache/avro/io/ValidatingDecoder.java,4,229,21,0,0,0,0,0,0,0,0,0,0,NO
src/java/org/apache/avro/io/ValidatingEncoder.java,4,202,25,0,0,0,0,0,0,0,0,0,0,NO
src/java/org/apache/avro/io/parsing/JsonGrammarGenerator.java,4,101,35,0,0,0,0,0,0,0,0,0,0,NO
src/java/org/apache/avro/io/parsing/Parser.java,4,165,65,0,0,0,0,0,0,0,0,0,0,NO
src/java/org/apache/avro/io/parsing/ResolvingGrammarGenerator.java,4,337,66,0,0,0,0,0,0,0,0,0,0,NO
src/java/org/apache/avro/io/parsing/SkipParser.java,4,94,43,0,0,0,0,0,0,0,0,0,0,NO
src/java/org/apache/avro/io/parsing/Symbol.java,4,381,80,0,0,0,0,0,0,0,0,0,0,NO
src/java/org/apache/avro/io/parsing/ValidatingGrammarGenerator.java,4,138,43,0,0,0,0,0,0,0,0,0,0,NO
src/java/org/apache/avro/ipc/AvroRemoteException.java,4,40,18,0,0,0,0,0,0,0,0,0,0,NO
src/java/org/apache/avro/ipc/ByteBufferInputStream.java,4,86,28,0,0,0,0,0,0,0,0,0,0,NO
src/java/org/apache/avro/ipc/ByteBufferOutputStream.java,4,90,23,0,0,0,0,0,0,0,0,0,0,NO
src/java/org/apache/avro/ipc/DatagramServer.java,4,78,18,0,0,0,0,0,0,0,0,0,0,NO
src/java/org/apache/avro/ipc/DatagramTransceiver.java,4,84,18,0,0,0,0,0,0,0,0,0,0,NO
src/java/org/apache/avro/ipc/HttpServer.java,4,59,20,0,0,0,0,0,0,0,0,0,0,NO
src/java/org/apache/avro/ipc/HttpTransceiver.java,4,111,19,0,0,0,0,0,0,0,0,0,0,NO
src/java/org/apache/avro/ipc/LocalTransceiver.java,4,52,18,1,1,0,52,52,52,52,52,52,52,NO
src/java/org/apache/avro/ipc/RPCContext.java,4,157,67,1,1,0,8,8,8,8,8,8,8,NO
src/java/org/apache/avro/ipc/RPCPlugin.java,4,74,55,0,0,0,0,0,0,0,0,0,0,NO
src/java/org/apache/avro/ipc/Requestor.java,4,229,29,2,1,0,13,6,5,3,3,2,1,NO
src/java/org/apache/avro/ipc/Responder.java,4,210,31,3,1,0,14,8,4,2,4,2,1,NO
src/java/org/apache/avro/ipc/ResponderServlet.java,4,55,18,0,0,0,0,0,0,0,0,0,0,NO
src/java/org/apache/avro/ipc/Server.java,4,29,20,0,0,0,0,0,0,0,0,0,0,NO
src/java/org/apache/avro/ipc/SocketServer.java,4,110,18,1,1,0,2,1,1,1,0,0,0,NO
src/java/org/apache/avro/ipc/SocketTransceiver.java,4,97,18,1,1,0,3,2,2,2,1,1,1,NO
src/java/org/apache/avro/ipc/Transceiver.java,4,43,18,1,1,0,3,2,2,2,1,1,1,NO
src/java/org/apache/avro/ipc/stats/FloatHistogram.java,4,54,22,1,1,0,54,54,54,54,54,54,54,NO
src/java/org/apache/avro/ipc/stats/Histogram.java,4,205,51,1,1,0,205,205,205,205,205,205,205,NO
src/java/org/apache/avro/ipc/stats/StatsPlugin.java,4,121,33,1,1,0,121,121,121,121,121,121,121,NO
src/java/org/apache/avro/ipc/stats/StatsServlet.java,4,107,25,1,1,0,107,107,107,107,107,107,107,NO
src/java/org/apache/avro/ipc/stats/Stopwatch.java,4,74,28,1,1,0,74,74,74,74,74,74,74,NO
src/java/org/apache/avro/reflect/InduceSchemaTool.java,4,77,20,4,1,0,91,84,59,21,77,59,19,NO
src/java/org/apache/avro/reflect/ReflectData.java,4,413,37,10,1,3,719,388,160,38,347,138,34,NO
src/java/org/apache/avro/reflect/ReflectDatumReader.java,4,146,21,9,1,2,189,117,55,13,131,55,14,NO
src/java/org/apache/avro/reflect/ReflectDatumWriter.java,4,125,21,7,1,2,115,83,42,11,73,42,10,NO
src/java/org/apache/avro/reflect/ReflectRequestor.java,4,75,21,2,1,0,52,8,6,4,36,36,18,NO
src/java/org/apache/avro/reflect/ReflectResponder.java,4,47,18,3,1,1,78,13,9,4,52,52,17,NO
src/java/org/apache/avro/reflect/Stringable.java,4,34,22,1,1,1,34,34,34,34,34,34,34,NO
src/java/org/apache/avro/reflect/Union.java,4,39,25,2,1,0,47,43,37,21,39,37,19,NO
src/java/org/apache/avro/specific/FixedSize.java,4,36,22,1,1,0,37,37,37,37,37,37,37,NO
src/java/org/apache/avro/specific/ProtocolTask.java,4,79,22,0,0,0,0,0,0,0,0,0,0,NO
src/java/org/apache/avro/specific/SchemaTask.java,4,28,18,0,0,0,0,0,0,0,0,0,0,NO
src/java/org/apache/avro/specific/SpecificCompiler.java,4,423,52,10,1,2,560,337,182,33,158,49,15,NO
src/java/org/apache/avro/specific/SpecificData.java,4,254,24,7,1,3,246,203,164,29,172,139,24,NO
src/java/org/apache/avro/specific/SpecificDatumReader.java,4,88,19,5,1,1,63,53,48,10,51,46,10,NO
src/java/org/apache/avro/specific/SpecificDatumWriter.java,4,57,18,2,1,0,26,22,20,11,18,18,9,NO
src/java/org/apache/avro/specific/SpecificExceptionBase.java,4,43,18,1,1,1,9,6,6,6,3,3,3,NO
src/java/org/apache/avro/specific/SpecificFixed.java,4,27,18,1,1,0,1,0,0,0,1,1,1,NO
src/java/org/apache/avro/specific/SpecificRecord.java,4,27,19,0,0,0,0,0,0,0,0,0,0,NO
src/java/org/apache/avro/specific/SpecificRecordBase.java,4,48,18,2,1,1,41,9,6,4,27,25,13,NO
src/java/org/apache/avro/specific/SpecificRequestor.java,4,106,21,2,1,0,52,39,37,19,26,26,13,NO
src/java/org/apache/avro/specific/SpecificResponder.java,4,108,18,3,1,1,80,74,64,24,68,61,22,NO
src/java/org/apache/avro/tool/BinaryFragmentToJsonTool.java,4,84,18,1,1,0,84,84,84,84,84,84,84,NO
src/java/org/apache/avro/tool/DataFileGetSchemaTool.java,4,54,18,1,1,0,54,54,54,54,54,54,54,NO
src/java/org/apache/avro/tool/DataFileReadTool.java,4,78,21,2,1,0,82,80,79,40,80,79,40,NO
src/java/org/apache/avro/tool/DataFileWriteTool.java,4,82,18,2,1,0,86,84,82,42,82,82,41,NO
src/java/org/apache/avro/tool/GenAvroTool.java,4,78,21,1,1,0,78,78,78,78,78,78,78,NO
src/java/org/apache/avro/tool/JsonToBinaryFragmentTool.java,4,77,18,1,1,0,77,77,77,77,77,77,77,NO
src/java/org/apache/avro/tool/Main.java,4,81,24,7,1,0,105,93,58,13,81,58,11,NO
src/java/org/apache/avro/tool/RpcReceiveTool.java,4,140,23,1,1,0,140,140,140,140,140,140,140,NO
src/java/org/apache/avro/tool/RpcSendTool.java,4,98,20,1,1,0,98,98,98,98,98,98,98,NO
src/java/org/apache/avro/tool/Tool.java,4,51,38,4,1,0,63,57,34,14,53,34,13,NO
src/java/org/apache/avro/tool/Util.java,4,57,28,2,1,0,57,57,39,28,57,39,28,NO
src/java/org/apache/avro/util/Utf8.java,4,87,18,0,0,0,0,0,0,0,0,0,0,NO
src/java/org/apache/avro/util/WeakIdentityHashMap.java,4,169,33,1,1,1,169,169,169,169,169,169,169,NO
src/java/org/apache/avro/reflect/FixedSize.java,4,36,22,0,0,0,0,0,0,0,0,0,0,NO
lang/java/src/java/org/apache/avro/AvroRuntimeException.java,5,28,18,0,0,0,0,0,0,0,0,0,0,NO
lang/java/src/java/org/apache/avro/AvroTypeException.java,5,28,18,0,0,0,0,0,0,0,0,0,0,NO
lang/java/src/java/org/apache/avro/Protocol.java,5,387,55,0,0,0,0,0,0,0,0,0,0,NO
lang/java/src/java/org/apache/avro/Schema.java,5,1087,152,0,0,0,0,0,0,0,0,0,0,NO
lang/java/src/java/org/apache/avro/SchemaParseException.java,5,25,18,0,0,0,0,0,0,0,0,0,0,NO
lang/java/src/java/org/apache/avro/file/Codec.java,5,50,32,0,0,0,0,0,0,0,0,0,0,NO
lang/java/src/java/org/apache/avro/file/CodecFactory.java,5,76,28,0,0,0,0,0,0,0,0,0,0,NO
lang/java/src/java/org/apache/avro/file/DataFileConstants.java,5,38,20,0,0,0,0,0,0,0,0,0,0,NO
lang/java/src/java/org/apache/avro/file/DataFileReader.java,5,168,33,0,0,0,0,0,0,0,0,0,0,NO
lang/java/src/java/org/apache/avro/file/DataFileStream.java,5,268,51,1,1,0,3,2,2,2,1,1,1,NO
lang/java/src/java/org/apache/avro/file/DataFileWriter.java,5,374,75,0,0,0,0,0,0,0,0,0,0,YES
lang/java/src/java/org/apache/avro/file/DeflateCodec.java,5,145,31,0,0,0,0,0,0,0,0,0,0,NO
lang/java/src/java/org/apache/avro/file/LengthLimitedInputStream.java,5,85,22,0,0,0,0,0,0,0,0,0,0,NO
lang/java/src/java/org/apache/avro/file/NullCodec.java,5,64,19,0,0,0,0,0,0,0,0,0,0,NO
lang/java/src/java/org/apache/avro/file/SeekableFileInput.java,5,36,18,0,0,0,0,0,0,0,0,0,0,NO
lang/java/src/java/org/apache/avro/file/SeekableInput.java,5,36,22,0,0,0,0,0,0,0,0,0,0,NO
lang/java/src/java/org/apache/avro/generic/GenericArray.java,5,36,24,0,0,0,0,0,0,0,0,0,0,NO
lang/java/src/java/org/apache/avro/generic/GenericContainer.java,5,26,19,0,0,0,0,0,0,0,0,0,0,NO
lang/java/src/java/org/apache/avro/generic/GenericData.java,5,491,46,0,0,0,0,0,0,0,0,0,0,NO
lang/java/src/java/org/apache/avro/generic/GenericDatumReader.java,5,354,84,0,0,0,0,0,0,0,0,0,0,NO
lang/java/src/java/org/apache/avro/generic/GenericDatumWriter.java,5,196,47,0,0,0,0,0,0,0,0,0,0,NO
lang/java/src/java/org/apache/avro/generic/GenericFixed.java,5,24,19,0,0,0,0,0,0,0,0,0,0,NO
lang/java/src/java/org/apache/avro/generic/GenericRecord.java,5,27,21,0,0,0,0,0,0,0,0,0,0,NO
lang/java/src/java/org/apache/avro/generic/GenericRequestor.java,5,69,18,1,1,0,14,14,14,14,14,14,14,NO
lang/java/src/java/org/apache/avro/generic/GenericResponder.java,5,56,18,1,1,0,6,4,4,4,2,2,2,NO
lang/java/src/java/org/apache/avro/generic/IndexedRecord.java,5,26,20,0,0,0,0,0,0,0,0,0,0,NO
lang/java/src/java/org/apache/avro/io/BinaryData.java,5,187,25,0,0,0,0,0,0,0,0,0,0,NO
lang/java/src/java/org/apache/avro/io/BinaryDecoder.java,5,983,251,0,0,0,0,0,0,0,0,0,0,NO
lang/java/src/java/org/apache/avro/io/BinaryEncoder.java,5,252,37,0,0,0,0,0,0,0,0,0,0,NO
lang/java/src/java/org/apache/avro/io/BlockingBinaryEncoder.java,5,620,116,0,0,0,0,0,0,0,0,0,0,NO
lang/java/src/java/org/apache/avro/io/DatumReader.java,5,37,24,0,0,0,0,0,0,0,0,0,0,NO
lang/java/src/java/org/apache/avro/io/DatumWriter.java,5,35,23,0,0,0,0,0,0,0,0,0,0,NO
lang/java/src/java/org/apache/avro/io/Decoder.java,5,286,226,0,0,0,0,0,0,0,0,0,0,NO
lang/java/src/java/org/apache/avro/io/DecoderFactory.java,5,232,143,0,0,0,0,0,0,0,0,0,0,NO
lang/java/src/java/org/apache/avro/io/DirectBinaryDecoder.java,5,203,25,0,0,0,0,0,0,0,0,0,0,NO
lang/java/src/java/org/apache/avro/io/Encoder.java,5,270,209,0,0,0,0,0,0,0,0,0,0,NO
lang/java/src/java/org/apache/avro/io/JsonDecoder.java,5,425,21,0,0,0,0,0,0,0,0,0,0,NO
lang/java/src/java/org/apache/avro/io/JsonEncoder.java,5,244,21,0,0,0,0,0,0,0,0,0,0,NO
lang/java/src/java/org/apache/avro/io/ParsingDecoder.java,5,74,19,0,0,0,0,0,0,0,0,0,0,NO
lang/java/src/java/org/apache/avro/io/ParsingEncoder.java,5,69,24,0,0,0,0,0,0,0,0,0,0,NO
lang/java/src/java/org/apache/avro/io/ResolvingDecoder.java,5,228,91,0,0,0,0,0,0,0,0,0,0,NO
lang/java/src/java/org/apache/avro/io/ValidatingDecoder.java,5,231,21,0,0,0,0,0,0,0,0,0,0,NO
lang/java/src/java/org/apache/avro/io/ValidatingEncoder.java,5,202,25,0,0,0,0,0,0,0,0,0,0,NO
lang/java/src/java/org/apache/avro/io/parsing/JsonGrammarGenerator.java,5,99,35,0,0,0,0,0,0,0,0,0,0,NO
lang/java/src/java/org/apache/avro/io/parsing/Parser.java,5,191,77,0,0,0,0,0,0,0,0,0,0,NO
lang/java/src/java/org/apache/avro/io/parsing/ResolvingGrammarGenerator.java,5,447,83,0,0,0,0,0,0,0,0,0,0,NO
lang/java/src/java/org/apache/avro/io/parsing/SkipParser.java,5,95,43,0,0,0,0,0,0,0,0,0,0,NO
lang/java/src/java/org/apache/avro/io/parsing/Symbol.java,5,549,123,0,0,0,0,0,0,0,0,0,0,NO
lang/java/src/java/org/apache/avro/io/parsing/ValidatingGrammarGenerator.java,5,136,43,0,0,0,0,0,0,0,0,0,0,NO
lang/java/src/java/org/apache/avro/ipc/AvroRemoteException.java,5,40,18,0,0,0,0,0,0,0,0,0,0,NO
lang/java/src/java/org/apache/avro/ipc/ByteBufferInputStream.java,5,86,28,0,0,0,0,0,0,0,0,0,0,NO
lang/java/src/java/org/apache/avro/ipc/ByteBufferOutputStream.java,5,90,23,0,0,0,0,0,0,0,0,0,0,NO
lang/java/src/java/org/apache/avro/ipc/DatagramServer.java,5,79,19,0,0,0,0,0,0,0,0,0,0,NO
lang/java/src/java/org/apache/avro/ipc/DatagramTransceiver.java,5,85,19,0,0,0,0,0,0,0,0,0,0,NO
lang/java/src/java/org/apache/avro/ipc/HttpServer.java,5,59,20,0,0,0,0,0,0,0,0,0,0,NO
lang/java/src/java/org/apache/avro/ipc/HttpTransceiver.java,5,112,19,0,0,0,0,0,0,0,0,0,0,NO
lang/java/src/java/org/apache/avro/ipc/LocalTransceiver.java,5,52,18,0,0,0,0,0,0,0,0,0,0,NO
lang/java/src/java/org/apache/avro/ipc/RPCContext.java,5,157,67,1,1,0,6,3,3,3,0,0,0,NO
lang/java/src/java/org/apache/avro/ipc/RPCPlugin.java,5,74,55,0,0,0,0,0,0,0,0,0,0,NO
lang/java/src/java/org/apache/avro/ipc/Requestor.java,5,230,29,1,1,0,6,3,3,3,0,0,0,NO
lang/java/src/java/org/apache/avro/ipc/Responder.java,5,206,31,1,1,0,19,7,7,7,5,5,5,NO
lang/java/src/java/org/apache/avro/ipc/ResponderServlet.java,5,55,18,0,0,0,0,0,0,0,0,0,0,NO
lang/java/src/java/org/apache/avro/ipc/Server.java,5,29,20,0,0,0,0,0,0,0,0,0,0,NO
lang/java/src/java/org/apache/avro/ipc/SocketServer.java,5,111,19,0,0,0,0,0,0,0,0,0,0,NO
lang/java/src/java/org/apache/avro/ipc/SocketTransceiver.java,5,98,19,0,0,0,0,0,0,0,0,0,0,NO
lang/java/src/java/org/apache/avro/ipc/Transceiver.java,5,43,18,0,0,0,0,0,0,0,0,0,0,NO
lang/java/src/java/org/apache/avro/ipc/stats/FloatHistogram.java,5,54,22,0,0,0,0,0,0,0,0,0,0,NO
lang/java/src/java/org/apache/avro/ipc/stats/Histogram.java,5,205,51,0,0,0,0,0,0,0,0,0,0,NO
lang/java/src/java/org/apache/avro/ipc/stats/StatsPlugin.java,5,121,33,0,0,0,0,0,0,0,0,0,0,NO
lang/java/src/java/org/apache/avro/ipc/stats/StatsServlet.java,5,107,25,0,0,0,0,0,0,0,0,0,0,NO
lang/java/src/java/org/apache/avro/ipc/stats/Stopwatch.java,5,74,28,0,0,0,0,0,0,0,0,0,0,NO
lang/java/src/java/org/apache/avro/reflect/InduceSchemaTool.java,5,76,20,0,0,0,0,0,0,0,0,0,0,NO
lang/java/src/java/org/apache/avro/reflect/Nullable.java,5,33,21,1,1,0,33,33,33,33,33,33,33,NO
lang/java/src/java/org/apache/avro/reflect/ReflectData.java,5,420,38,1,1,0,24,16,16,16,8,8,8,YES
lang/java/src/java/org/apache/avro/reflect/ReflectDatumReader.java,5,146,21,0,0,0,0,0,0,0,0,0,0,NO
lang/java/src/java/org/apache/avro/reflect/ReflectDatumWriter.java,5,125,21,0,0,0,0,0,0,0,0,0,0,NO
lang/java/src/java/org/apache/avro/reflect/ReflectRequestor.java,5,75,21,0,0,0,0,0,0,0,0,0,0,NO
lang/java/src/java/org/apache/avro/reflect/ReflectResponder.java,5,47,18,0,0,0,0,0,0,0,0,0,0,NO
lang/java/src/java/org/apache/avro/reflect/Stringable.java,5,34,22,0,0,0,0,0,0,0,0,0,0,NO
lang/java/src/java/org/apache/avro/reflect/Union.java,5,39,25,0,0,0,0,0,0,0,0,0,0,NO
lang/java/src/java/org/apache/avro/specific/FixedSize.java,5,36,22,0,0,0,0,0,0,0,0,0,0,NO
lang/java/src/java/org/apache/avro/specific/ProtocolTask.java,5,79,22,0,0,0,0,0,0,0,0,0,0,NO
lang/java/src/java/org/apache/avro/specific/SchemaTask.java,5,28,18,0,0,0,0,0,0,0,0,0,0,NO
lang/java/src/java/org/apache/avro/specific/SpecificCompiler.java,5,422,51,0,0,0,0,0,0,0,0,0,0,NO
lang/java/src/java/org/apache/avro/specific/SpecificData.java,5,212,24,1,1,0,3,2,2,2,1,1,1,NO
lang/java/src/java/org/apache/avro/specific/SpecificDatumReader.java,5,88,19,0,0,0,0,0,0,0,0,0,0,NO
lang/java/src/java/org/apache/avro/specific/SpecificDatumWriter.java,5,57,18,0,0,0,0,0,0,0,0,0,0,NO
lang/java/src/java/org/apache/avro/specific/SpecificExceptionBase.java,5,43,18,0,0,0,0,0,0,0,0,0,0,NO
lang/java/src/java/org/apache/avro/specific/SpecificFixed.java,5,27,18,0,0,0,0,0,0,0,0,0,0,NO
lang/java/src/java/org/apache/avro/specific/SpecificRecord.java,5,25,19,0,0,0,0,0,0,0,0,0,0,NO
lang/java/src/java/org/apache/avro/specific/SpecificRecordBase.java,5,53,18,0,0,0,0,0,0,0,0,0,0,NO
lang/java/src/java/org/apache/avro/specific/SpecificRequestor.java,5,108,21,1,1,0,7,5,5,5,3,3,3,NO
lang/java/src/java/org/apache/avro/specific/SpecificResponder.java,5,102,18,1,1,0,11,3,3,3,5,5,5,NO
lang/java/src/java/org/apache/avro/tool/BinaryFragmentToJsonTool.java,5,85,18,0,0,0,0,0,0,0,0,0,0,NO
lang/java/src/java/org/apache/avro/tool/DataFileGetSchemaTool.java,5,54,18,0,0,0,0,0,0,0,0,0,0,NO
lang/java/src/java/org/apache/avro/tool/DataFileReadTool.java,5,78,21,0,0,0,0,0,0,0,0,0,0,NO
lang/java/src/java/org/apache/avro/tool/DataFileWriteTool.java,5,98,18,0,0,0,0,0,0,0,0,0,0,NO
lang/java/src/java/org/apache/avro/tool/GenAvroTool.java,5,78,21,0,0,0,0,0,0,0,0,0,0,NO
lang/java/src/java/org/apache/avro/tool/JsonToBinaryFragmentTool.java,5,77,18,0,0,0,0,0,0,0,0,0,0,NO
lang/java/src/java/org/apache/avro/tool/Main.java,5,97,24,0,0,0,0,0,0,0,0,0,0,NO
lang/java/src/java/org/apache/avro/tool/RpcReceiveTool.java,5,176,23,0,0,0,0,0,0,0,0,0,0,NO
lang/java/src/java/org/apache/avro/tool/RpcSendTool.java,5,123,20,0,0,0,0,0,0,0,0,0,0,NO
lang/java/src/java/org/apache/avro/tool/Tool.java,5,51,38,0,0,0,0,0,0,0,0,0,0,NO
lang/java/src/java/org/apache/avro/tool/Util.java,5,71,29,0,0,0,0,0,0,0,0,0,0,NO
lang/java/src/java/org/apache/avro/util/Utf8.java,5,94,18,1,1,0,2,2,2,2,2,2,2,NO
lang/java/src/java/org/apache/avro/AvroRuntimeException.java,6,28,18,0,0,0,0,0,0,0,0,0,0,NO
lang/java/src/java/org/apache/avro/AvroTypeException.java,6,28,18,0,0,0,0,0,0,0,0,0,0,NO
lang/java/src/java/org/apache/avro/Protocol.java,6,387,55,0,0,0,0,0,0,0,0,0,0,NO
lang/java/src/java/org/apache/avro/Schema.java,6,1087,152,0,0,0,0,0,0,0,0,0,0,NO
lang/java/src/java/org/apache/avro/SchemaParseException.java,6,25,18,0,0,0,0,0,0,0,0,0,0,NO
lang/java/src/java/org/apache/avro/file/Codec.java,6,50,32,0,0,0,0,0,0,0,0,0,0,NO
lang/java/src/java/org/apache/avro/file/CodecFactory.java,6,76,28,0,0,0,0,0,0,0,0,0,0,NO
lang/java/src/java/org/apache/avro/file/DataFileConstants.java,6,38,20,0,0,0,0,0,0,0,0,0,0,NO
lang/java/src/java/org/apache/avro/file/DataFileReader.java,6,168,33,0,0,0,0,0,0,0,0,0,0,NO
lang/java/src/java/org/apache/avro/file/DataFileStream.java,6,268,51,0,0,0,0,0,0,0,0,0,0,NO
lang/java/src/java/org/apache/avro/file/DataFileWriter.java,6,374,75,0,0,0,0,0,0,0,0,0,0,YES
lang/java/src/java/org/apache/avro/file/DeflateCodec.java,6,145,31,0,0,0,0,0,0,0,0,0,0,NO
lang/java/src/java/org/apache/avro/file/LengthLimitedInputStream.java,6,85,22,0,0,0,0,0,0,0,0,0,0,NO
lang/java/src/java/org/apache/avro/file/NullCodec.java,6,64,19,0,0,0,0,0,0,0,0,0,0,NO
lang/java/src/java/org/apache/avro/file/SeekableFileInput.java,6,36,18,0,0,0,0,0,0,0,0,0,0,NO
lang/java/src/java/org/apache/avro/file/SeekableInput.java,6,36,22,0,0,0,0,0,0,0,0,0,0,NO
lang/java/src/java/org/apache/avro/generic/GenericArray.java,6,36,24,0,0,0,0,0,0,0,0,0,0,NO
lang/java/src/java/org/apache/avro/generic/GenericContainer.java,6,26,19,0,0,0,0,0,0,0,0,0,0,NO
lang/java/src/java/org/apache/avro/generic/GenericData.java,6,491,46,0,0,0,0,0,0,0,0,0,0,NO
lang/java/src/java/org/apache/avro/generic/GenericDatumReader.java,6,354,84,0,0,0,0,0,0,0,0,0,0,YES
lang/java/src/java/org/apache/avro/generic/GenericDatumWriter.java,6,196,47,0,0,0,0,0,0,0,0,0,0,NO
lang/java/src/java/org/apache/avro/generic/GenericFixed.java,6,24,19,0,0,0,0,0,0,0,0,0,0,NO
lang/java/src/java/org/apache/avro/generic/GenericRecord.java,6,27,21,0,0,0,0,0,0,0,0,0,0,NO
lang/java/src/java/org/apache/avro/generic/GenericRequestor.java,6,69,18,0,0,0,0,0,0,0,0,0,0,NO
lang/java/src/java/org/apache/avro/generic/GenericResponder.java,6,56,18,0,0,0,0,0,0,0,0,0,0,NO
lang/java/src/java/org/apache/avro/generic/IndexedRecord.java,6,26,20,0,0,0,0,0,0,0,0,0,0,NO
lang/java/src/java/org/apache/avro/io/BinaryData.java,6,187,25,0,0,0,0,0,0,0,0,0,0,NO
lang/java/src/java/org/apache/avro/io/BinaryDecoder.java,6,983,251,0,0,0,0,0,0,0,0,0,0,NO
lang/java/src/java/org/apache/avro/io/BinaryEncoder.java,6,252,37,0,0,0,0,0,0,0,0,0,0,NO
lang/java/src/java/org/apache/avro/io/BlockingBinaryEncoder.java,6,620,116,0,0,0,0,0,0,0,0,0,0,NO
lang/java/src/java/org/apache/avro/io/DatumReader.java,6,37,24,0,0,0,0,0,0,0,0,0,0,NO
lang/java/src/java/org/apache/avro/io/DatumWriter.java,6,35,23,0,0,0,0,0,0,0,0,0,0,NO
lang/java/src/java/org/apache/avro/io/Decoder.java,6,286,226,0,0,0,0,0,0,0,0,0,0,NO
lang/java/src/java/org/apache/avro/io/DecoderFactory.java,6,232,143,0,0,0,0,0,0,0,0,0,0,NO
lang/java/src/java/org/apache/avro/io/DirectBinaryDecoder.java,6,203,25,0,0,0,0,0,0,0,0,0,0,NO
lang/java/src/java/org/apache/avro/io/Encoder.java,6,270,209,0,0,0,0,0,0,0,0,0,0,NO
lang/java/src/java/org/apache/avro/io/JsonDecoder.java,6,425,21,0,0,0,0,0,0,0,0,0,0,NO
lang/java/src/java/org/apache/avro/io/JsonEncoder.java,6,244,21,0,0,0,0,0,0,0,0,0,0,NO
lang/java/src/java/org/apache/avro/io/ParsingDecoder.java,6,74,19,0,0,0,0,0,0,0,0,0,0,NO
lang/java/src/java/org/apache/avro/io/ParsingEncoder.java,6,69,24,0,0,0,0,0,0,0,0,0,0,NO
lang/java/src/java/org/apache/avro/io/ResolvingDecoder.java,6,228,91,0,0,0,0,0,0,0,0,0,0,YES
lang/java/src/java/org/apache/avro/io/ValidatingDecoder.java,6,231,21,0,0,0,0,0,0,0,0,0,0,NO
lang/java/src/java/org/apache/avro/io/ValidatingEncoder.java,6,202,25,0,0,0,0,0,0,0,0,0,0,NO
lang/java/src/java/org/apache/avro/io/parsing/JsonGrammarGenerator.java,6,99,35,0,0,0,0,0,0,0,0,0,0,NO
lang/java/src/java/org/apache/avro/io/parsing/Parser.java,6,191,77,0,0,0,0,0,0,0,0,0,0,NO
lang/java/src/java/org/apache/avro/io/parsing/ResolvingGrammarGenerator.java,6,447,83,0,0,0,0,0,0,0,0,0,0,NO
lang/java/src/java/org/apache/avro/io/parsing/SkipParser.java,6,95,43,0,0,0,0,0,0,0,0,0,0,NO
lang/java/src/java/org/apache/avro/io/parsing/Symbol.java,6,549,123,0,0,0,0,0,0,0,0,0,0,NO
lang/java/src/java/org/apache/avro/io/parsing/ValidatingGrammarGenerator.java,6,136,43,0,0,0,0,0,0,0,0,0,0,NO
lang/java/src/java/org/apache/avro/ipc/AvroRemoteException.java,6,40,18,0,0,0,0,0,0,0,0,0,0,NO
lang/java/src/java/org/apache/avro/ipc/ByteBufferInputStream.java,6,86,28,0,0,0,0,0,0,0,0,0,0,NO
lang/java/src/java/org/apache/avro/ipc/ByteBufferOutputStream.java,6,90,23,0,0,0,0,0,0,0,0,0,0,NO
lang/java/src/java/org/apache/avro/ipc/DatagramServer.java,6,79,19,0,0,0,0,0,0,0,0,0,0,NO
lang/java/src/java/org/apache/avro/ipc/DatagramTransceiver.java,6,85,19,0,0,0,0,0,0,0,0,0,0,NO
lang/java/src/java/org/apache/avro/ipc/HttpServer.java,6,59,20,0,0,0,0,0,0,0,0,0,0,NO
lang/java/src/java/org/apache/avro/ipc/HttpTransceiver.java,6,112,19,0,0,0,0,0,0,0,0,0,0,NO
lang/java/src/java/org/apache/avro/ipc/LocalTransceiver.java,6,52,18,0,0,0,0,0,0,0,0,0,0,NO
lang/java/src/java/org/apache/avro/ipc/RPCContext.java,6,157,67,0,0,0,0,0,0,0,0,0,0,NO
lang/java/src/java/org/apache/avro/ipc/RPCPlugin.java,6,74,55,0,0,0,0,0,0,0,0,0,0,NO
lang/java/src/java/org/apache/avro/ipc/Requestor.java,6,230,29,0,0,0,0,0,0,0,0,0,0,NO
lang/java/src/java/org/apache/avro/ipc/Responder.java,6,206,31,0,0,0,0,0,0,0,0,0,0,NO
lang/java/src/java/org/apache/avro/ipc/ResponderServlet.java,6,55,18,0,0,0,0,0,0,0,0,0,0,NO
lang/java/src/java/org/apache/avro/ipc/Server.java,6,29,20,0,0,0,0,0,0,0,0,0,0,NO
lang/java/src/java/org/apache/avro/ipc/SocketServer.java,6,111,19,0,0,0,0,0,0,0,0,0,0,NO
lang/java/src/java/org/apache/avro/ipc/SocketTransceiver.java,6,98,19,0,0,0,0,0,0,0,0,0,0,NO
lang/java/src/java/org/apache/avro/ipc/Transceiver.java,6,43,18,0,0,0,0,0,0,0,0,0,0,NO
lang/java/src/java/org/apache/avro/ipc/stats/FloatHistogram.java,6,54,22,0,0,0,0,0,0,0,0,0,0,NO
lang/java/src/java/org/apache/avro/ipc/stats/Histogram.java,6,205,51,0,0,0,0,0,0,0,0,0,0,NO
lang/java/src/java/org/apache/avro/ipc/stats/StatsPlugin.java,6,121,33,0,0,0,0,0,0,0,0,0,0,NO
lang/java/src/java/org/apache/avro/ipc/stats/StatsServlet.java,6,107,25,0,0,0,0,0,0,0,0,0,0,NO
lang/java/src/java/org/apache/avro/ipc/stats/Stopwatch.java,6,74,28,0,0,0,0,0,0,0,0,0,0,NO
lang/java/src/java/org/apache/avro/reflect/InduceSchemaTool.java,6,76,20,0,0,0,0,0,0,0,0,0,0,NO
lang/java/src/java/org/apache/avro/reflect/Nullable.java,6,33,21,0,0,0,0,0,0,0,0,0,0,NO
lang/java/src/java/org/apache/avro/reflect/ReflectData.java,6,426,38,1,1,1,10,8,8,8,6,6,6,YES
lang/java/src/java/org/apache/avro/reflect/ReflectDatumReader.java,6,146,21,0,0,0,0,0,0,0,0,0,0,NO
lang/java/src/java/org/apache/avro/reflect/ReflectDatumWriter.java,6,125,21,0,0,0,0,0,0,0,0,0,0,NO
lang/java/src/java/org/apache/avro/reflect/ReflectRequestor.java,6,75,21,0,0,0,0,0,0,0,0,0,0,NO
lang/java/src/java/org/apache/avro/reflect/ReflectResponder.java,6,47,18,0,0,0,0,0,0,0,0,0,0,NO
lang/java/src/java/org/apache/avro/reflect/Stringable.java,6,34,22,0,0,0,0,0,0,0,0,0,0,NO
lang/java/src/java/org/apache/avro/reflect/Union.java,6,39,25,0,0,0,0,0,0,0,0,0,0,NO
lang/java/src/java/org/apache/avro/specific/FixedSize.java,6,36,22,0,0,0,0,0,0,0,0,0,0,NO
lang/java/src/java/org/apache/avro/specific/ProtocolTask.java,6,79,22,0,0,0,0,0,0,0,0,0,0,NO
lang/java/src/java/org/apache/avro/specific/SchemaTask.java,6,28,18,0,0,0,0,0,0,0,0,0,0,NO
lang/java/src/java/org/apache/avro/specific/SpecificCompiler.java,6,422,51,0,0,0,0,0,0,0,0,0,0,NO
lang/java/src/java/org/apache/avro/specific/SpecificData.java,6,212,24,0,0,0,0,0,0,0,0,0,0,NO
lang/java/src/java/org/apache/avro/specific/SpecificDatumReader.java,6,88,19,0,0,0,0,0,0,0,0,0,0,NO
lang/java/src/java/org/apache/avro/specific/SpecificDatumWriter.java,6,57,18,0,0,0,0,0,0,0,0,0,0,NO
lang/java/src/java/org/apache/avro/specific/SpecificExceptionBase.java,6,43,18,0,0,0,0,0,0,0,0,0,0,NO
lang/java/src/java/org/apache/avro/specific/SpecificFixed.java,6,27,18,0,0,0,0,0,0,0,0,0,0,NO
lang/java/src/java/org/apache/avro/specific/SpecificRecord.java,6,25,19,0,0,0,0,0,0,0,0,0,0,NO
lang/java/src/java/org/apache/avro/specific/SpecificRecordBase.java,6,53,18,0,0,0,0,0,0,0,0,0,0,NO
lang/java/src/java/org/apache/avro/specific/SpecificRequestor.java,6,108,21,0,0,0,0,0,0,0,0,0,0,NO
lang/java/src/java/org/apache/avro/specific/SpecificResponder.java,6,102,18,0,0,0,0,0,0,0,0,0,0,NO
lang/java/src/java/org/apache/avro/tool/BinaryFragmentToJsonTool.java,6,85,18,0,0,0,0,0,0,0,0,0,0,NO
lang/java/src/java/org/apache/avro/tool/DataFileGetSchemaTool.java,6,54,18,0,0,0,0,0,0,0,0,0,0,NO
lang/java/src/java/org/apache/avro/tool/DataFileReadTool.java,6,78,21,0,0,0,0,0,0,0,0,0,0,NO
lang/java/src/java/org/apache/avro/tool/DataFileWriteTool.java,6,98,18,0,0,0,0,0,0,0,0,0,0,NO
lang/java/src/java/org/apache/avro/tool/GenAvroTool.java,6,78,21,0,0,0,0,0,0,0,0,0,0,NO
lang/java/src/java/org/apache/avro/tool/JsonToBinaryFragmentTool.java,6,77,18,0,0,0,0,0,0,0,0,0,0,NO
lang/java/src/java/org/apache/avro/tool/Main.java,6,97,24,0,0,0,0,0,0,0,0,0,0,NO
lang/java/src/java/org/apache/avro/tool/RpcReceiveTool.java,6,176,23,0,0,0,0,0,0,0,0,0,0,NO
lang/java/src/java/org/apache/avro/tool/RpcSendTool.java,6,123,20,0,0,0,0,0,0,0,0,0,0,NO
lang/java/src/java/org/apache/avro/tool/Tool.java,6,51,38,0,0,0,0,0,0,0,0,0,0,NO
lang/java/src/java/org/apache/avro/tool/Util.java,6,71,29,0,0,0,0,0,0,0,0,0,0,NO
lang/java/src/java/org/apache/avro/util/Utf8.java,6,94,18,0,0,0,0,0,0,0,0,0,0,NO
